kode_sls,nama_sls,kode_kecamatan,nama_kecamatan,kode_kelurahan,nama_kelurahan
35760100010001,RT 001 RW 001 LINGKUNGAN SURODINAWAN,3576010,PRAJURITKULON,3576010001,SURODINAWAN
35760100010002,RT 002 RW 001 LINGKUNGAN SURODINAWAN,3576010,PRAJURITKULON,3576010001,SURODINAWAN
35760100010003,RT 003 RW 001 LINGKUNGAN SURODINAWAN,3576010,PRAJURITKULON,3576010001,SURODINAWAN
35760100010004,RT 004 RW 001 LINGKUNGAN SURODINAWAN,3576010,PRAJURITKULON,3576010001,SURODINAWAN
35760100010005,RT 005 RW 002 LINGKUNGAN SURODINAWAN,3576010,PRAJURITKULON,3576010001,SURODINAWAN
35760100010006,RT 006 RW 002 LINGKUNGAN SURODINAWAN,3576010,PRAJURITKULON,3576010001,SURODINAWAN
35760100010007,RT 007 RW 002 LINGKUNGAN SURODINAWAN,3576010,PRAJURITKULON,3576010001,SURODINAWAN
35760100010008,RT 008 RW 002 LINGKUNGAN SURODINAWAN,3576010,PRAJURITKULON,3576010001,SURODINAWAN
35760100010009,RT 009 RW 002 LINGKUNGAN SURODINAWAN,3576010,PRAJURITKULON,3576010001,SURODINAWAN
35760100010010,RT 010 RW 003 LINGKUNGAN KEDUNG MULANG,3576010,PRAJURITKULON,3576010001,SURODINAWAN
35760100010011,RT 011 RW 003 LINGKUNGAN KEDUNG MULANG,3576010,PRAJURITKULON,3576010001,SURODINAWAN
35760100010012,RT 012 RW 003 LINGKUNGAN KEDUNG MULANG,3576010,PRAJURITKULON,3576010001,SURODINAWAN
35760100010013,RT 013 RW 003 LINGKUNGAN KEDUNG MULANG,3576010,PRAJURITKULON,3576010001,SURODINAWAN
35760100010014,RT 014 RW 004 LINGKUNGAN KEDUNG MULANG,3576010,PRAJURITKULON,3576010001,SURODINAWAN
35760100010015,RT 015 RW 004 LINGKUNGAN KEDUNG MULANG,3576010,PRAJURITKULON,3576010001,SURODINAWAN
35760100010016,RT 016 RW 004 LINGKUNGAN KEDUNG MULANG,3576010,PRAJURITKULON,3576010001,SURODINAWAN
35760100010017,RT 017 RW 004 LINGKUNGAN KEDUNG MULANG,3576010,PRAJURITKULON,3576010001,SURODINAWAN
35760100010018,RT 018 RW 005 LINGKUNGAN MURUKAN,3576010,PRAJURITKULON,3576010001,SURODINAWAN
35760100010019,RT 019 RW 005 LINGKUNGAN MURUKAN,3576010,PRAJURITKULON,3576010001,SURODINAWAN
35760100010020,RT 020 RW 005 LINGKUNGAN MURUKAN,3576010,PRAJURITKULON,3576010001,SURODINAWAN
35760100010021,RT 021 RW 005 LINGKUNGAN MURUKAN,3576010,PRAJURITKULON,3576010001,SURODINAWAN
35760100010022,RT 022 RW 006 LINGKUNGAN PEKUNCEN,3576010,PRAJURITKULON,3576010001,SURODINAWAN
35760100010023,RT 023 RW 006 LINGKUNGAN PEKUNCEN,3576010,PRAJURITKULON,3576010001,SURODINAWAN
35760100010024,RT 024 RW 006 LINGKUNGAN PEKUNCEN,3576010,PRAJURITKULON,3576010001,SURODINAWAN
35760100010025,RT 025 RW 006 LINGKUNGAN PEKUNCEN,3576010,PRAJURITKULON,3576010001,SURODINAWAN
35760100010026,RT 026 RW 007 LINGKUNGAN SUROMULANG TIMUR,3576010,PRAJURITKULON,3576010001,SURODINAWAN
35760100010027,RT 027 RW 007 LINGKUNGAN SUROMULANG TIMUR,3576010,PRAJURITKULON,3576010001,SURODINAWAN
35760100010028,RT 028 RW 007 LINGKUNGAN SUROMULANG TIMUR,3576010,PRAJURITKULON,3576010001,SURODINAWAN
35760100010029,RT 029 RW 007 LINGKUNGAN SUROMULANG TIMUR,3576010,PRAJURITKULON,3576010001,SURODINAWAN
35760100010030,RT 030 RW 007 LINGKUNGAN SUROMULANG DALAM,3576010,PRAJURITKULON,3576010001,SURODINAWAN
35760100010031,RT 031 RW 008 LINGKUNGAN SUROMULANG BARAT,3576010,PRAJURITKULON,3576010001,SURODINAWAN
35760100010032,RT 032 RW 008 LINGKUNGAN SUROMULANG BARAT,3576010,PRAJURITKULON,3576010001,SURODINAWAN
35760100010033,RT 033 RW 008 LINGKUNGAN SUROMULANG BARAT,3576010,PRAJURITKULON,3576010001,SURODINAWAN
35760100010034,RT 034 RW 008 LINGKUNGAN SUROMULANG BARAT,3576010,PRAJURITKULON,3576010001,SURODINAWAN
35760100010035,RT 035 RW 008 LINGKUNGAN SUROMULANG BARAT,3576010,PRAJURITKULON,3576010001,SURODINAWAN
35760100010036,RT 036 RW 009 LINGKUNGAN SUROMURUKAN,3576010,PRAJURITKULON,3576010001,SURODINAWAN
35760100010037,RT 037 RW 009 LINGKUNGAN SUROMURUKAN,3576010,PRAJURITKULON,3576010001,SURODINAWAN
35760100010038,RT 038 RW 009 LINGKUNGAN SUROMURUKAN,3576010,PRAJURITKULON,3576010001,SURODINAWAN
35760100010039,RT 039 RW 009 LINGKUNGAN SUROMURUKAN,3576010,PRAJURITKULON,3576010001,SURODINAWAN
35760100010040,RT 040 RW 010 LINGKUNGAN SUROMULANG SELATAN,3576010,PRAJURITKULON,3576010001,SURODINAWAN
35760100010041,RT 041 RW 010 LINGKUNGAN SUROMULANG SELATAN,3576010,PRAJURITKULON,3576010001,SURODINAWAN
35760100010042,RT 042 RW 010 LINGKUNGAN RESIDEN SITE,3576010,PRAJURITKULON,3576010001,SURODINAWAN
35760100010043,RT 043 RW 010 LINGKUNGAN SUROMULANG SELATAN,3576010,PRAJURITKULON,3576010001,SURODINAWAN
35760100010044,RT 044 RW 010 LINGKUNGAN SUROMULANG SELATAN,3576010,PRAJURITKULON,3576010001,SURODINAWAN
35760100011002,SAWAH,3576010,PRAJURITKULON,3576010001,SURODINAWAN
35760100011003,SAWAH,3576010,PRAJURITKULON,3576010001,SURODINAWAN
35760100011004,SAWAH,3576010,PRAJURITKULON,3576010001,SURODINAWAN
35760100011005,SAWAH,3576010,PRAJURITKULON,3576010001,SURODINAWAN
35760100011006,SAWAH,3576010,PRAJURITKULON,3576010001,SURODINAWAN
35760100015001,WARUNG,3576010,PRAJURITKULON,3576010001,SURODINAWAN
35760100040001,RT 001 RW 001 LINGKUNGAN CINDE I,3576010,PRAJURITKULON,3576010004,PRAJURIT KULON
35760100040002,RT 002 RW 001 LINGKUNGAN CINDE I,3576010,PRAJURITKULON,3576010004,PRAJURIT KULON
35760100040003,RT 003 RW 001 LINGKUNGAN CINDE I,3576010,PRAJURITKULON,3576010004,PRAJURIT KULON
35760100040004,RT 004 RW 001 LINGKUNGAN CINDE I,3576010,PRAJURITKULON,3576010004,PRAJURIT KULON
35760100040005,RT 001 RW 002 LINGKUNGAN CINDE 2,3576010,PRAJURITKULON,3576010004,PRAJURIT KULON
35760100040006,RT 002 RW 002 LINGKUNGAN CINDE II,3576010,PRAJURITKULON,3576010004,PRAJURIT KULON
35760100040007,RT 003 RW 002 LINGKUNGAN CINDE II,3576010,PRAJURITKULON,3576010004,PRAJURIT KULON
35760100040008,RT 001 RW 001 LINGKUNGAN SABUK I,3576010,PRAJURITKULON,3576010004,PRAJURIT KULON
35760100040009,RT 002 RW 001 LINGKUNGAN SABUK I,3576010,PRAJURITKULON,3576010004,PRAJURIT KULON
35760100040010,RT 003 RW 001 LINGKUNGAN SABUK I,3576010,PRAJURITKULON,3576010004,PRAJURIT KULON
35760100040011,RT 004 RW 001 LINGKUNGAN SABUK I,3576010,PRAJURITKULON,3576010004,PRAJURIT KULON
35760100040012,RT 001 RW 002 LINGKUNGAN SABUK II,3576010,PRAJURITKULON,3576010004,PRAJURIT KULON
35760100040013,RT 002 RW 002 LINGKUNGAN SABUK II,3576010,PRAJURITKULON,3576010004,PRAJURIT KULON
35760100040014,RT 003 RW 002 LINGKUNGAN SABUK II,3576010,PRAJURITKULON,3576010004,PRAJURIT KULON
35760100040015,RT 004 RW 002 LINGKUNGAN SABUK II,3576010,PRAJURITKULON,3576010004,PRAJURIT KULON
35760100040016,RT 001 RW 003 LINGKUNGAN SABUK III,3576010,PRAJURITKULON,3576010004,PRAJURIT KULON
35760100040017,RT 002 RW 003 LINGKUNGAN SABUK III,3576010,PRAJURITKULON,3576010004,PRAJURIT KULON
35760100040018,RT 003 RW 003 LINGKUNGAN SABUK III,3576010,PRAJURITKULON,3576010004,PRAJURIT KULON
35760100040019,RT 001 RW 004 LINGKUNGAN SABUK IV,3576010,PRAJURITKULON,3576010004,PRAJURIT KULON
35760100040020,RT 002 RW 004 LINGKUNGAN SABUK IV,3576010,PRAJURITKULON,3576010004,PRAJURIT KULON
35760100040021,RT 001 RW 001 LINGKUNGAN JAYENG I,3576010,PRAJURITKULON,3576010004,PRAJURIT KULON
35760100040022,RT 002 RW 001 LINGKUNGAN JAYENG I,3576010,PRAJURITKULON,3576010004,PRAJURIT KULON
35760100040023,RT 003 RW 001 LINGKUNGAN JAYENG I,3576010,PRAJURITKULON,3576010004,PRAJURIT KULON
35760100040024,RT 001 RW 002 LINGKUNGAN JAYENG II,3576010,PRAJURITKULON,3576010004,PRAJURIT KULON
35760100040025,RT 002 RW 002 LINGKUNGAN JAYENG II,3576010,PRAJURITKULON,3576010004,PRAJURIT KULON
35760100040026,RT 003 RW 002 LINGKUNGAN JAYENG II,3576010,PRAJURITKULON,3576010004,PRAJURIT KULON
35760100040027,RT 001 RW 001 LINGKUNGAN PRAJURIT I,3576010,PRAJURITKULON,3576010004,PRAJURIT KULON
35760100040028,RT 002 RW 001 LINGKUNGAN PRAJURIT I,3576010,PRAJURITKULON,3576010004,PRAJURIT KULON
35760100040029,RT 001 RW 002 LINGKUNGAN PRAJURIT II,3576010,PRAJURITKULON,3576010004,PRAJURIT KULON
35760100040030,RT 002 RW 002 LINGKUNGAN PRAJURIT II,3576010,PRAJURITKULON,3576010004,PRAJURIT KULON
35760100041001,PERSAWAHAN,3576010,PRAJURITKULON,3576010004,PRAJURIT KULON
35760100043002,LAHAN TERBUKA,3576010,PRAJURITKULON,3576010004,PRAJURIT KULON
35760100050001,RT 001 RW 001 LINGKUNGAN KEMASAN,3576010,PRAJURITKULON,3576010005,BLOOTO
35760100050002,RT 002 RW 001 LINGKUNGAN KEMASAN,3576010,PRAJURITKULON,3576010005,BLOOTO
35760100050003,RT 003 RW 001 LINGKUNGAN KEMASAN,3576010,PRAJURITKULON,3576010005,BLOOTO
35760100050004,RT 004 RW 001 LINGKUNGAN KEMASAN,3576010,PRAJURITKULON,3576010005,BLOOTO
35760100050005,RT 005 RW 001 LINGKUNGAN KEMASAN,3576010,PRAJURITKULON,3576010005,BLOOTO
35760100050006,RT 001 RW 002 LINGKUNGAN KEMASAN,3576010,PRAJURITKULON,3576010005,BLOOTO
35760100050007,RT 002 RW 002 LINGKUNGAN KEMASAN,3576010,PRAJURITKULON,3576010005,BLOOTO
35760100050008,RT 003 RW 002 LINGKUNGAN KEMASAN,3576010,PRAJURITKULON,3576010005,BLOOTO
35760100050009,RT 004 RW 002 LINGKUNGAN KEMASAN,3576010,PRAJURITKULON,3576010005,BLOOTO
35760100050010,RT 001 RW 003 LINGKUNGAN KEMASAN,3576010,PRAJURITKULON,3576010005,BLOOTO
35760100050011,RT 002 RW 003 LINGKUNGAN KEMASAN,3576010,PRAJURITKULON,3576010005,BLOOTO
35760100050012,RT 003 RW 003 LINGKUNGAN KEMASAN,3576010,PRAJURITKULON,3576010005,BLOOTO
35760100050013,RT 004 RW 003 LINGKUNGAN KEMASAN,3576010,PRAJURITKULON,3576010005,BLOOTO
35760100050014,RT 001 RW 001 LINGKUNGAN BLOOTO,3576010,PRAJURITKULON,3576010005,BLOOTO
35760100050015,RT 002 RW 001 LINGKUNGAN BLOOTO,3576010,PRAJURITKULON,3576010005,BLOOTO
35760100050016,RT 003 RW 001 LINGKUNGAN BLOOTO,3576010,PRAJURITKULON,3576010005,BLOOTO
35760100050017,RT 004 RW 001 LINGKUNGAN BLOOTO,3576010,PRAJURITKULON,3576010005,BLOOTO
35760100050018,RT 001 RW 002 LINGKUNGAN BLOOTO,3576010,PRAJURITKULON,3576010005,BLOOTO
35760100050019,RT 002 RW 002 LINGKUNGAN BLOOTO,3576010,PRAJURITKULON,3576010005,BLOOTO
35760100050020,RT 003 RW 002 LINGKUNGAN BLOOTO,3576010,PRAJURITKULON,3576010005,BLOOTO
35760100050021,RT 004 RW 002 LINGKUNGAN BLOOTO,3576010,PRAJURITKULON,3576010005,BLOOTO
35760100050022,RT 001 RW 001 LINGKUNGAN TRENGGILIS,3576010,PRAJURITKULON,3576010005,BLOOTO
35760100050023,RT 002 RW 001 LINGKUNGAN TRENGGILIS,3576010,PRAJURITKULON,3576010005,BLOOTO
35760100050024,RT 003 RW 001 LINGKUNGAN TRENGGILIS,3576010,PRAJURITKULON,3576010005,BLOOTO
35760100050025,RT 004 RW 001 LINGKUNGAN TRENGGILIS,3576010,PRAJURITKULON,3576010005,BLOOTO
35760100050026,RT 001 RW 002 LINGKUNGAN TRENGGILIS,3576010,PRAJURITKULON,3576010005,BLOOTO
35760100050027,RT 002 RW 002 LINGKUNGAN TRENGGILIS,3576010,PRAJURITKULON,3576010005,BLOOTO
35760100050028,RT 003 RW 002 LINGKUNGAN TRENGGILIS,3576010,PRAJURITKULON,3576010005,BLOOTO
35760100050029,RT 004 RW 002 LINGKUNGAN TRENGGILIS,3576010,PRAJURITKULON,3576010005,BLOOTO
35760100050030,RT 001 RW 003 LINGKUNGAN TRENGGILIS,3576010,PRAJURITKULON,3576010005,BLOOTO
35760100050031,RT 002 RW 003 LINGKUNGAN TRENGGILIS,3576010,PRAJURITKULON,3576010005,BLOOTO
35760100050032,RT 003 RW 003 LINGKUNGAN TRENGGILIS,3576010,PRAJURITKULON,3576010005,BLOOTO
35760100051001,PERSAWAHAN,3576010,PRAJURITKULON,3576010005,BLOOTO
35760100051002,PERSAWAHAN,3576010,PRAJURITKULON,3576010005,BLOOTO
35760100060001,RT 001 RW 001 LINGKUNGAN SIDOMULYO,3576010,PRAJURITKULON,3576010006,MENTIKAN
35760100060002,RT 002 RW 001 LINGKUNGAN SIDOMULYO,3576010,PRAJURITKULON,3576010006,MENTIKAN
35760100060003,RT 003 RW 001 LINGKUNGAN SIDOMULYO,3576010,PRAJURITKULON,3576010006,MENTIKAN
35760100060004,RT 001 RW 002 LINGKUNGAN SIDOMULYO,3576010,PRAJURITKULON,3576010006,MENTIKAN
35760100060005,RT 002 RW 002 LINGKUNGAN SIDOMULYO,3576010,PRAJURITKULON,3576010006,MENTIKAN
35760100060006,RT 003 RW 002 LINGKUNGAN SIDOMULYO,3576010,PRAJURITKULON,3576010006,MENTIKAN
35760100060007,RT 001 RW 003 LINGKUNGAN SIDOMULYO,3576010,PRAJURITKULON,3576010006,MENTIKAN
35760100060008,RT 002 RW 003 LINGKUNGAN SIDOMULYO,3576010,PRAJURITKULON,3576010006,MENTIKAN
35760100060009,RT 003 RW 003 LINGKUNGAN SIDOMULYO,3576010,PRAJURITKULON,3576010006,MENTIKAN
35760100060010,RT 001 RW 001 LINGKUNGAN MENTIKAN,3576010,PRAJURITKULON,3576010006,MENTIKAN
35760100060011,RT 002 RW 001 LINGKUNGAN MENTIKAN,3576010,PRAJURITKULON,3576010006,MENTIKAN
35760100060012,RT 003 RW 001 LINGKUNGAN MENTIKAN,3576010,PRAJURITKULON,3576010006,MENTIKAN
35760100060013,RT 001 RW 002 LINGKUNGAN MENTIKAN,3576010,PRAJURITKULON,3576010006,MENTIKAN
35760100060014,RT 002 RW 002 LINGKUNGAN MENTIKAN,3576010,PRAJURITKULON,3576010006,MENTIKAN
35760100060015,RT 003 RW 002 LINGKUNGAN MENTIKAN,3576010,PRAJURITKULON,3576010006,MENTIKAN
35760100060016,RT 001 RW 003 LINGKUNGAN MENTIKAN,3576010,PRAJURITKULON,3576010006,MENTIKAN
35760100060017,RT 002 RW 003 LINGKUNGAN MENTIKAN,3576010,PRAJURITKULON,3576010006,MENTIKAN
35760100060018,RT 003 RW 003 LINGKUNGAN MENTIKAN,3576010,PRAJURITKULON,3576010006,MENTIKAN
35760100060019,RT 001 RW 001 LINGKUNGAN CAKARAYAM,3576010,PRAJURITKULON,3576010006,MENTIKAN
35760100060020,RT 002 RW 001 LINGKUNGAN CAKARAYAM,3576010,PRAJURITKULON,3576010006,MENTIKAN
35760100060021,RT 003 RW 001 LINGKUNGAN CAKARAYAM,3576010,PRAJURITKULON,3576010006,MENTIKAN
35760100060022,RT 001 RW 002 LINGKUNGAN CAKARAYAM,3576010,PRAJURITKULON,3576010006,MENTIKAN
35760100060023,RT 002 RW 002 LINGKUNGAN CAKARAYAM,3576010,PRAJURITKULON,3576010006,MENTIKAN
35760100060024,RT 003 RW 002 LINGKUNGAN CAKARAYAM,3576010,PRAJURITKULON,3576010006,MENTIKAN
35760100060025,RT 001 RW 003 LINGKUNGAN CAKARAYAM,3576010,PRAJURITKULON,3576010006,MENTIKAN
35760100060026,RT 002 RW 003 LINGKUNGAN CAKARAYAM,3576010,PRAJURITKULON,3576010006,MENTIKAN
35760100060027,RT 003 RW 003 LINGKUNGAN CAKARAYAM,3576010,PRAJURITKULON,3576010006,MENTIKAN
35760100060028,RT 004 RW 003 LINGKUNGAN CAKARAYAM,3576010,PRAJURITKULON,3576010006,MENTIKAN
35760100060029,RT 005 RW 003 LINGKUNGAN CAKARAYAM,3576010,PRAJURITKULON,3576010006,MENTIKAN
35760100060030,RT 006 RW 003 LINGKUNGAN CAKARAYAM,3576010,PRAJURITKULON,3576010006,MENTIKAN
35760100060031,RT 007 RW 003 LINGKUNGAN CAKARAYAM,3576010,PRAJURITKULON,3576010006,MENTIKAN
35760100060032,RT 008 RW 003 LINGKUNGAN CAKARAYAM,3576010,PRAJURITKULON,3576010006,MENTIKAN
35760100060033,RT 009 RW 003 LINGKUNGAN CAKARAYAM,3576010,PRAJURITKULON,3576010006,MENTIKAN
35760100070001,RT 001 RW 003 LINGKUNGAN KRADENAN,3576010,PRAJURITKULON,3576010007,KAUMAN
35760100070002,RT 002 RW 003 LINGKUNGAN KRADENAN,3576010,PRAJURITKULON,3576010007,KAUMAN
35760100070003,RT 003 RW 003 LINGKUNGAN KRADENAN,3576010,PRAJURITKULON,3576010007,KAUMAN
35760100070004,RT 004 RW 003 LINGKUNGAN KRADENAN,3576010,PRAJURITKULON,3576010007,KAUMAN
35760100070005,RT 005 RW 003 LINGKUNGAN KRADENAN,3576010,PRAJURITKULON,3576010007,KAUMAN
35760100070006,RT 006 RW 003 LINGKUNGAN KRADENAN,3576010,PRAJURITKULON,3576010007,KAUMAN
35760100070007,RT 001 RW 002 LINGKUNGAN KAUMAN TENGAH,3576010,PRAJURITKULON,3576010007,KAUMAN
35760100070008,RT 002 RW 002 LINGKUNGAN KAUMAN TENGAH,3576010,PRAJURITKULON,3576010007,KAUMAN
35760100070009,RT 003 RW 002 LINGKUNGAN KAUMAN TENGAH,3576010,PRAJURITKULON,3576010007,KAUMAN
35760100070010,RT 004 RW 002 LINGKUNGAN KAUMAN TENGAH,3576010,PRAJURITKULON,3576010007,KAUMAN
35760100070011,RT 001 RW 001 LINGKUNGAN SIDOGEDE,3576010,PRAJURITKULON,3576010007,KAUMAN
35760100070012,RT 002 RW 001 LINGKUNGAN SIDOGEDE,3576010,PRAJURITKULON,3576010007,KAUMAN
35760100070013,RT 003 RW 001 LINGKUNGAN SIDOGEDE,3576010,PRAJURITKULON,3576010007,KAUMAN
35760100070014,RT 004 RW 001 LINGKUNGAN SIDOGEDE,3576010,PRAJURITKULON,3576010007,KAUMAN
35760100070015,RT 005 RW 001 LINGKUNGAN SIDOGEDE,3576010,PRAJURITKULON,3576010007,KAUMAN
35760100070016,RT 006 RW 001 LINGKUNGAN SIDOGEDE,3576010,PRAJURITKULON,3576010007,KAUMAN
35760100075002,WILAYAH BUKAN PEMUKIMAN,3576010,PRAJURITKULON,3576010007,KAUMAN
35760100076001,WILAYAH PERAIRAN,3576010,PRAJURITKULON,3576010007,KAUMAN
35760100080001,RT 001 RW 001 LINGKUNGAN BALONGKRAI,3576010,PRAJURITKULON,3576010008,PULOREJO
35760100080002,RT 002 RW 001 LINGKUNGAN BALONGKRAI,3576010,PRAJURITKULON,3576010008,PULOREJO
35760100080003,RT 003 RW 001 LINGKUNGAN BALONGKRAI,3576010,PRAJURITKULON,3576010008,PULOREJO
35760100080004,RT 004 RW 001 LINGKUNGAN BALONGKRAI,3576010,PRAJURITKULON,3576010008,PULOREJO
35760100080005,RT 005 RW 001 LINGKUNGAN BALONGKRAI,3576010,PRAJURITKULON,3576010008,PULOREJO
35760100080006,RT 006 RW 001 LINGKUNGAN BALONGKRAI,3576010,PRAJURITKULON,3576010008,PULOREJO
35760100080007,RT 001 RW 001 LINGKUNGAN BALONGCANGKRING 1,3576010,PRAJURITKULON,3576010008,PULOREJO
35760100080008,RT 002 RW 001 LINGKUNGAN BALONGCANGKRING 1,3576010,PRAJURITKULON,3576010008,PULOREJO
35760100080009,RT 003 RW 001 LINGKUNGAN BALONGCANGKRING 1,3576010,PRAJURITKULON,3576010008,PULOREJO
35760100080010,RT 004 RW 001 LINGKUNGAN BALONGCANGKRING 1,3576010,PRAJURITKULON,3576010008,PULOREJO
35760100080011,RT 005 RW 001 LINGKUNGAN BALONGCANGKRING 1,3576010,PRAJURITKULON,3576010008,PULOREJO
35760100080012,RT 001 RW 002 LINGKUNGAN BALONGCANGKRING 1,3576010,PRAJURITKULON,3576010008,PULOREJO
35760100080013,RT 002 RW 002 LINGKUNGAN BALONGCANGKRING 1,3576010,PRAJURITKULON,3576010008,PULOREJO
35760100080014,RT 003 RW 002 LINGKUNGAN BALONGCANGKRING 1,3576010,PRAJURITKULON,3576010008,PULOREJO
35760100080015,RT 004 RW 002 LINGKUNGAN BALONGCANGKRING 1,3576010,PRAJURITKULON,3576010008,PULOREJO
35760100080016,RT 001 RW 001 LINGKUNGAN BALONGCANGKRING 2,3576010,PRAJURITKULON,3576010008,PULOREJO
35760100080017,RT 002 RW 001 LINGKUNGAN BALONGCANGKRING 2,3576010,PRAJURITKULON,3576010008,PULOREJO
35760100080018,RT 003 RW 001 LINGKUNGAN BALONGCANGKRING 2,3576010,PRAJURITKULON,3576010008,PULOREJO
35760100080019,RT 004 RW 001 LINGKUNGAN BALONGCANGKRING 2,3576010,PRAJURITKULON,3576010008,PULOREJO
35760100080020,RT 005 RW 001 LINGKUNGAN BALONGCANGKRING 2,3576010,PRAJURITKULON,3576010008,PULOREJO
35760100080021,RT 006 RW 001 LINGKUNGAN BALONGCANGKRING 2,3576010,PRAJURITKULON,3576010008,PULOREJO
35760100080022,RT 001 RW 001 LINGKUNGAN PULOWETAN,3576010,PRAJURITKULON,3576010008,PULOREJO
35760100080023,RT 002 RW 001 LINGKUNGAN PULOWETAN,3576010,PRAJURITKULON,3576010008,PULOREJO
35760100080024,RT 003 RW 001 LINGKUNGAN PULOWETAN,3576010,PRAJURITKULON,3576010008,PULOREJO
35760100080025,RT 004 RW 001 LINGKUNGAN PULOWETAN,3576010,PRAJURITKULON,3576010008,PULOREJO
35760100080026,RT 005 RW 001 LINGKUNGAN PULOWETAN,3576010,PRAJURITKULON,3576010008,PULOREJO
35760100080027,RT 006 RW 001 LINGKUNGAN PULOWETAN,3576010,PRAJURITKULON,3576010008,PULOREJO
35760100080028,RT 001 RW 002 LINGKUNGAN PULOWETAN,3576010,PRAJURITKULON,3576010008,PULOREJO
35760100080029,RT 002 RW 002 LINGKUNGAN PULOWETAN,3576010,PRAJURITKULON,3576010008,PULOREJO
35760100080030,RT 003 RW 002 LINGKUNGAN PULOWETAN,3576010,PRAJURITKULON,3576010008,PULOREJO
35760100080031,RT 004 RW 002 LINGKUNGAN PULOWETAN,3576010,PRAJURITKULON,3576010008,PULOREJO
35760100080032,RT 005 RW 002 LINGKUNGAN PULOWETAN,3576010,PRAJURITKULON,3576010008,PULOREJO
35760100080033,RT 001 RW 001 LINGKUNGAN PULOKULON,3576010,PRAJURITKULON,3576010008,PULOREJO
35760100080034,RT 002 RW 001 LINGKUNGAN PULOKULON,3576010,PRAJURITKULON,3576010008,PULOREJO
35760100080035,RT 003 RW 001 LINGKUNGAN PULOKULON,3576010,PRAJURITKULON,3576010008,PULOREJO
35760100080036,RT 001 RW 002 LINGKUNGAN PULOKULON,3576010,PRAJURITKULON,3576010008,PULOREJO
35760100080037,RT 002 RW 002 LINGKUNGAN PULOKULON,3576010,PRAJURITKULON,3576010008,PULOREJO
35760100080038,RT 003 RW 002 LINGKUNGAN PULOKULON,3576010,PRAJURITKULON,3576010008,PULOREJO
35760100081001,LAHAN TEBU,3576010,PRAJURITKULON,3576010008,PULOREJO
35760100081003,LAHAN TEBU,3576010,PRAJURITKULON,3576010008,PULOREJO
35760100084004,KAWASAN TERBANGUN PEMUKIMAN,3576010,PRAJURITKULON,3576010008,PULOREJO
35760100086002,BANTARAN SUNGAI,3576010,PRAJURITKULON,3576010008,PULOREJO
35760200020001,RT 001 RW 001 LINGKUNGAN KEDUNGSARI,3576020,MAGERSARI,3576020002,GUNUNG GEDANGAN
35760200020002,RT 002 RW 001 LINGKUNGAN KEDUNGSARI,3576020,MAGERSARI,3576020002,GUNUNG GEDANGAN
35760200020003,RT 003 RW 001 LINGKUNGAN KEDUNGSARI,3576020,MAGERSARI,3576020002,GUNUNG GEDANGAN
35760200020004,RT 001 RW 002 LINGKUNGAN KEDUNGSARI,3576020,MAGERSARI,3576020002,GUNUNG GEDANGAN
35760200020005,RT 002 RW 002 LINGKUNGAN KEDUNGSARI,3576020,MAGERSARI,3576020002,GUNUNG GEDANGAN
35760200020006,RT 003 RW 002 LINGKUNGAN KEDUNGSARI,3576020,MAGERSARI,3576020002,GUNUNG GEDANGAN
35760200020007,RT 004 RW 002 LINGKUNGAN KEDUNGSARI,3576020,MAGERSARI,3576020002,GUNUNG GEDANGAN
35760200020008,RT 001 RW 003 LINGKUNGAN KEDUNGSARI,3576020,MAGERSARI,3576020002,GUNUNG GEDANGAN
35760200020009,RT 002 RW 003 LINGKUNGAN KEDUNGSARI,3576020,MAGERSARI,3576020002,GUNUNG GEDANGAN
35760200020010,RT 003 RW 003 LINGKUNGAN KEDUNGSARI,3576020,MAGERSARI,3576020002,GUNUNG GEDANGAN
35760200020011,RT 004 RW 003 LINGKUNGAN KEDUNGSARI,3576020,MAGERSARI,3576020002,GUNUNG GEDANGAN
35760200020012,RT 001 RW 009 LINGKUNGAN KEDUNGSARI,3576020,MAGERSARI,3576020002,GUNUNG GEDANGAN
35760200020013,RT 002 RW 009 LINGKUNGAN KEDUNGSARI,3576020,MAGERSARI,3576020002,GUNUNG GEDANGAN
35760200020014,RT 003 RW 009 LINGKUNGAN KEDUNGSARI,3576020,MAGERSARI,3576020002,GUNUNG GEDANGAN
35760200020015,RT 001 RW 004 LINGKUNGAN KEDUNGTURI,3576020,MAGERSARI,3576020002,GUNUNG GEDANGAN
35760200020016,RT 002 RW 004 LINGKUNGAN KEDUNGTURI,3576020,MAGERSARI,3576020002,GUNUNG GEDANGAN
35760200020017,RT 001 RW 005 LINGKUNGAN KUTI,3576020,MAGERSARI,3576020002,GUNUNG GEDANGAN
35760200020018,RT 002 RW 005 LINGKUNGAN KUTI,3576020,MAGERSARI,3576020002,GUNUNG GEDANGAN
35760200020019,RT 001 RW 006 LINGKUNGAN GUNUNG ANYAR,3576020,MAGERSARI,3576020002,GUNUNG GEDANGAN
35760200020020,RT 002 RW 006 LINGKUNGAN GUNUNG ANYAR,3576020,MAGERSARI,3576020002,GUNUNG GEDANGAN
35760200020021,RT 003 RW 006 LINGKUNGAN GUNUNG ANYAR,3576020,MAGERSARI,3576020002,GUNUNG GEDANGAN
35760200020022,RT 004 RW 006 LINGKUNGAN GUNUNG ANYAR,3576020,MAGERSARI,3576020002,GUNUNG GEDANGAN
35760200020023,RT 001 RW 007 LINGKUNGAN GEDANGAN,3576020,MAGERSARI,3576020002,GUNUNG GEDANGAN
35760200020024,RT 002 RW 007 LINGKUNGAN GEDANGAN,3576020,MAGERSARI,3576020002,GUNUNG GEDANGAN
35760200020025,RT 003 RW 007 LINGKUNGAN GEDANGAN,3576020,MAGERSARI,3576020002,GUNUNG GEDANGAN
35760200020026,RT 004 RW 007 LINGKUNGAN GEDANGAN,3576020,MAGERSARI,3576020002,GUNUNG GEDANGAN
35760200020027,RT 005 RW 007 LINGKUNGAN GEDANGAN,3576020,MAGERSARI,3576020002,GUNUNG GEDANGAN
35760200020028,RT 001 RW 008 LINGKUNGAN KEBOHAN,3576020,MAGERSARI,3576020002,GUNUNG GEDANGAN
35760200020029,RT 002 RW 008 LINGKUNGAN KEBOHAN,3576020,MAGERSARI,3576020002,GUNUNG GEDANGAN
35760200020030,RT 003 RW 008 LINGKUNGAN KEBOHAN,3576020,MAGERSARI,3576020002,GUNUNG GEDANGAN
35760200021001,SAWAH,3576020,MAGERSARI,3576020002,GUNUNG GEDANGAN
35760200030001,RT 001 RW 001 LINGKUNGAN BALONGRAWE,3576020,MAGERSARI,3576020003,KEDUNDUNG
35760200030002,RT 002 RW 001 LINGKUNGAN BALONGRAWE,3576020,MAGERSARI,3576020003,KEDUNDUNG
35760200030003,RT 003 RW 001 LINGKUNGAN BALONGRAWE,3576020,MAGERSARI,3576020003,KEDUNDUNG
35760200030004,RT 001 RW 002 LINGKUNGAN BALONGRAWE,3576020,MAGERSARI,3576020003,KEDUNDUNG
35760200030005,RT 002 RW 002 LINGKUNGAN BALONGRAWE,3576020,MAGERSARI,3576020003,KEDUNDUNG
35760200030006,RT 003 RW 002 LINGKUNGAN BALONGRAWE,3576020,MAGERSARI,3576020003,KEDUNDUNG
35760200030007,RT 004 RW 002 LINGKUNGAN BALONGRAWE,3576020,MAGERSARI,3576020003,KEDUNDUNG
35760200030008,RT 001 RW 003 LINGKUNGAN BALONGRAWE,3576020,MAGERSARI,3576020003,KEDUNDUNG
35760200030009,RT 002 RW 003 LINGKUNGAN BALONGRAWE,3576020,MAGERSARI,3576020003,KEDUNDUNG
35760200030010,RT 003 RW 003 LINGKUNGAN BALONGRAWE,3576020,MAGERSARI,3576020003,KEDUNDUNG
35760200030011,RT 004 RW 003 LINGKUNGAN BALONGRAWE,3576020,MAGERSARI,3576020003,KEDUNDUNG
35760200030012,RT 001 RW 004 LINGKUNGAN BALONGRAWE,3576020,MAGERSARI,3576020003,KEDUNDUNG
35760200030013,RT 002 RW 004 LINGKUNGAN BALONGRAWE,3576020,MAGERSARI,3576020003,KEDUNDUNG
35760200030014,RT 003 RW 004 LINGKUNGAN BALONGRAWE,3576020,MAGERSARI,3576020003,KEDUNDUNG
35760200030015,RT 001 RW 005 LINGKUNGAN BALONGRAWE,3576020,MAGERSARI,3576020003,KEDUNDUNG
35760200030016,RT 002 RW 005 LINGKUNGAN BALONGRAWE,3576020,MAGERSARI,3576020003,KEDUNDUNG
35760200030017,RT 003 RW 005 LINGKUNGAN BALONGRAWE,3576020,MAGERSARI,3576020003,KEDUNDUNG
35760200030018,RT 004 RW 005 LINGKUNGAN BALONGRAWE,3576020,MAGERSARI,3576020003,KEDUNDUNG
35760200030019,RT 005 RW 005 LINGKUNGAN BALONGRAWE,3576020,MAGERSARI,3576020003,KEDUNDUNG
35760200030020,RT 001 RW 001 LINGKUNGAN KEDUNDUNG,3576020,MAGERSARI,3576020003,KEDUNDUNG
35760200030021,RT 002 RW 001 LINGKUNGAN KEDUNDUNG,3576020,MAGERSARI,3576020003,KEDUNDUNG
35760200030022,RT 003 RW 001 LINGKUNGAN KEDUNDUNG,3576020,MAGERSARI,3576020003,KEDUNDUNG
35760200030023,RT 004 RW 001 LINGKUNGAN KEDUNDUNG,3576020,MAGERSARI,3576020003,KEDUNDUNG
35760200030024,RT 005 RW 001 LINGKUNGAN KEDUNDUNG,3576020,MAGERSARI,3576020003,KEDUNDUNG
35760200030025,RT 001 RW 002 LINGKUNGAN KEDUNDUNG,3576020,MAGERSARI,3576020003,KEDUNDUNG
35760200030026,RT 002 RW 002 LINGKUNGAN KEDUNDUNG,3576020,MAGERSARI,3576020003,KEDUNDUNG
35760200030027,RT 003 RW 002 LINGKUNGAN KEDUNDUNG,3576020,MAGERSARI,3576020003,KEDUNDUNG
35760200030028,RT 004 RW 002 LINGKUNGAN KEDUNDUNG,3576020,MAGERSARI,3576020003,KEDUNDUNG
35760200030029,RT 001 RW 001 LINGKUNGAN SEKARPUTIH,3576020,MAGERSARI,3576020003,KEDUNDUNG
35760200030030,RT 002 RW 001 LINGKUNGAN SEKARPUTIH,3576020,MAGERSARI,3576020003,KEDUNDUNG
35760200030031,RT 003 RW 001 LINGKUNGAN SEKARPUTIH,3576020,MAGERSARI,3576020003,KEDUNDUNG
35760200030032,RT 004 RW 001 LINGKUNGAN SEKARPUTIH,3576020,MAGERSARI,3576020003,KEDUNDUNG
35760200030033,RT 001 RW 002 LINGKUNGAN SEKARPUTIH,3576020,MAGERSARI,3576020003,KEDUNDUNG
35760200030034,RT 002 RW 002 LINGKUNGAN SEKARPUTIH,3576020,MAGERSARI,3576020003,KEDUNDUNG
35760200030035,RT 003 RW 002 LINGKUNGAN SEKARPUTIH,3576020,MAGERSARI,3576020003,KEDUNDUNG
35760200030036,RT 004 RW 002 LINGKUNGAN SEKARPUTIH,3576020,MAGERSARI,3576020003,KEDUNDUNG
35760200030037,RT 001 RW 001 LINGKUNGAN RANDEGAN,3576020,MAGERSARI,3576020003,KEDUNDUNG
35760200030038,RT 002 RW 001 LINGKUNGAN RANDEGAN,3576020,MAGERSARI,3576020003,KEDUNDUNG
35760200030039,RT 003 RW 001 LINGKUNGAN RANDEGAN,3576020,MAGERSARI,3576020003,KEDUNDUNG
35760200030040,RT 004 RW 001 LINGKUNGAN RANDEGAN,3576020,MAGERSARI,3576020003,KEDUNDUNG
35760200030041,RT 001 RW 002 LINGKUNGAN RANDEGAN,3576020,MAGERSARI,3576020003,KEDUNDUNG
35760200030042,RT 002 RW 002 LINGKUNGAN RANDEGAN,3576020,MAGERSARI,3576020003,KEDUNDUNG
35760200030043,RT 003 RW 002 LINGKUNGAN RANDEGAN,3576020,MAGERSARI,3576020003,KEDUNDUNG
35760200030044,RT 004 RW 002 LINGKUNGAN RANDEGAN,3576020,MAGERSARI,3576020003,KEDUNDUNG
35760200030045,RT 001 RW 003 LINGKUNGAN THE SUAM,3576020,MAGERSARI,3576020003,KEDUNDUNG
35760200030046,RT 002 RW 003 LINGKUNGAN THE SUAM,3576020,MAGERSARI,3576020003,KEDUNDUNG
35760200030047,RT 003 RW 003 LINGKUNGAN THE SUAM,3576020,MAGERSARI,3576020003,KEDUNDUNG
35760200030048,RT 001 RW 001 LINGKUNGAN KEDUNDUNG INDAH,3576020,MAGERSARI,3576020003,KEDUNDUNG
35760200030049,RT 002 RW 001 LINGKUNGAN KEDUNDUNG INDAH,3576020,MAGERSARI,3576020003,KEDUNDUNG
35760200030050,RT 003 RW 001 LINGKUNGAN KEDUNDUNG INDAH,3576020,MAGERSARI,3576020003,KEDUNDUNG
35760200030051,RT 004 RW 001 LINGKUNGAN KEDUNDUNG INDAH,3576020,MAGERSARI,3576020003,KEDUNDUNG
35760200030052,RT 005 RW 001 LINGKUNGAN KEDUNDUNG INDAH,3576020,MAGERSARI,3576020003,KEDUNDUNG
35760200030053,RT 001 RW 002 LINGKUNGAN KEDUNDUNG INDAH,3576020,MAGERSARI,3576020003,KEDUNDUNG
35760200030054,RT 002 RW 002 LINGKUNGAN KEDUNDUNG INDAH,3576020,MAGERSARI,3576020003,KEDUNDUNG
35760200030055,RT 003 RW 002 LINGKUNGAN KEDUNDUNG INDAH,3576020,MAGERSARI,3576020003,KEDUNDUNG
35760200030056,RT 004 RW 002 LINGKUNGAN KEDUNDUNG INDAH,3576020,MAGERSARI,3576020003,KEDUNDUNG
35760200030057,RT 001 RW 003 LINGKUNGAN KEDUNDUNG INDAH,3576020,MAGERSARI,3576020003,KEDUNDUNG
35760200030058,RT 002 RW 003 LINGKUNGAN KEDUNDUNG INDAH,3576020,MAGERSARI,3576020003,KEDUNDUNG
35760200030059,RT 003 RW 003 LINGKUNGAN KEDUNDUNG INDAH,3576020,MAGERSARI,3576020003,KEDUNDUNG
35760200030060,RT 004 RW 003 LINGKUNGAN KEDUNDUNG INDAH,3576020,MAGERSARI,3576020003,KEDUNDUNG
35760200030061,RT 005 RW 003 LINGKUNGAN KEDUNDUNG INDAH,3576020,MAGERSARI,3576020003,KEDUNDUNG
35760200030062,RT 001 RW 004 LINGKUNGAN KEDUNDUNG INDAH,3576020,MAGERSARI,3576020003,KEDUNDUNG
35760200030063,RT 002 RW 004 LINGKUNGAN KEDUNDUNG INDAH,3576020,MAGERSARI,3576020003,KEDUNDUNG
35760200030064,RT 003 RW 004 LINGKUNGAN KEDUNDUNG INDAH,3576020,MAGERSARI,3576020003,KEDUNDUNG
35760200030065,RT 004 RW 004 LINGKUNGAN KEDUNDUNG INDAH,3576020,MAGERSARI,3576020003,KEDUNDUNG
35760200030066,RT 005 RW 004 LINGKUNGAN KEDUNDUNG INDAH,3576020,MAGERSARI,3576020003,KEDUNDUNG
35760200031001,SAWAH BALONGRAWE,3576020,MAGERSARI,3576020003,KEDUNDUNG
35760200031002,SAWAH BALONGRAWE,3576020,MAGERSARI,3576020003,KEDUNDUNG
35760200031003,SAWAH KEDUNDUNG,3576020,MAGERSARI,3576020003,KEDUNDUNG
35760200031004,SAWAH RANDEGAN,3576020,MAGERSARI,3576020003,KEDUNDUNG
35760200031005,SAWAH SEKARPUTIH,3576020,MAGERSARI,3576020003,KEDUNDUNG
35760200040001,RT 001 RW 001 LINGKUNGAN SUMOLEPEN,3576020,MAGERSARI,3576020004,BALONGSARI
35760200040002,RT 002 RW 001 LINGKUNGAN SUMOLEPEN,3576020,MAGERSARI,3576020004,BALONGSARI
35760200040003,RT 003 RW 001 LINGKUNGAN SUMOLEPEN,3576020,MAGERSARI,3576020004,BALONGSARI
35760200040004,RT 001 RW 002 LINGKUNGAN SUMOLEPEN,3576020,MAGERSARI,3576020004,BALONGSARI
35760200040005,RT 002 RW 002 LINGKUNGAN SUMOLEPEN,3576020,MAGERSARI,3576020004,BALONGSARI
35760200040006,RT 003 RW 002 LINGKUNGAN SUMOLEPEN,3576020,MAGERSARI,3576020004,BALONGSARI
35760200040007,RT 001 RW 003 LINGKUNGAN SUMOLEPEN,3576020,MAGERSARI,3576020004,BALONGSARI
35760200040008,RT 002 RW 003 LINGKUNGAN SUMOLEPEN,3576020,MAGERSARI,3576020004,BALONGSARI
35760200040009,RT 003 RW 003 LINGKUNGAN SUMOLEPEN,3576020,MAGERSARI,3576020004,BALONGSARI
35760200040010,RT 004 RW 003 LINGKUNGAN SUMOLEPEN,3576020,MAGERSARI,3576020004,BALONGSARI
35760200040011,RT 001 RW 004 LINGKUNGAN SUMOLEPEN,3576020,MAGERSARI,3576020004,BALONGSARI
35760200040012,RT 002 RW 004 LINGKUNGAN SUMOLEPEN,3576020,MAGERSARI,3576020004,BALONGSARI
35760200040013,RT 003 RW 004 LINGKUNGAN SUMOLEPEN,3576020,MAGERSARI,3576020004,BALONGSARI
35760200040014,RT 004 RW 004 LINGKUNGAN SUMOLEPEN,3576020,MAGERSARI,3576020004,BALONGSARI
35760200040015,RT 001 RW 001 LINGKUNGAN GEMBONGSARI,3576020,MAGERSARI,3576020004,BALONGSARI
35760200040016,RT 002 RW 001 LINGKUNGAN GEMBONGSARI,3576020,MAGERSARI,3576020004,BALONGSARI
35760200040017,RT 003 RW 001 LINGKUNGAN GEMBONGSARI,3576020,MAGERSARI,3576020004,BALONGSARI
35760200040018,RT 004 RW 001 LINGKUNGAN GEMBONGSARI,3576020,MAGERSARI,3576020004,BALONGSARI
35760200040019,RT 001 RW 002 LINGKUNGAN GEMBONGSARI,3576020,MAGERSARI,3576020004,BALONGSARI
35760200040020,RT 002 RW 002 LINGKUNGAN GEMBONGSARI,3576020,MAGERSARI,3576020004,BALONGSARI
35760200040021,RT 003 RW 002 LINGKUNGAN GEMBONGSARI,3576020,MAGERSARI,3576020004,BALONGSARI
35760200040022,RT 001 RW 003 LINGKUNGAN GEMBONGSARI,3576020,MAGERSARI,3576020004,BALONGSARI
35760200040023,RT 002 RW 003 LINGKUNGAN GEMBONGSARI,3576020,MAGERSARI,3576020004,BALONGSARI
35760200040024,RT 003 RW 003 LINGKUNGAN GEMBONGSARI,3576020,MAGERSARI,3576020004,BALONGSARI
35760200040025,RT 004 RW 003 LINGKUNGAN GEMBONGSARI,3576020,MAGERSARI,3576020004,BALONGSARI
35760200040026,RT 001 RW 004 LINGKUNGAN GEMBONGSARI,3576020,MAGERSARI,3576020004,BALONGSARI
35760200040027,RT 002 RW 004 LINGKUNGAN GEMBONGSARI,3576020,MAGERSARI,3576020004,BALONGSARI
35760200040028,RT 003 RW 004 LINGKUNGAN GEMBONGSARI,3576020,MAGERSARI,3576020004,BALONGSARI
35760200040029,RT 001 RW 001 LINGKUNGAN BALONGCOK,3576020,MAGERSARI,3576020004,BALONGSARI
35760200040030,RT 002 RW 001 LINGKUNGAN BALONGCOK,3576020,MAGERSARI,3576020004,BALONGSARI
35760200040031,RT 003 RW 001 LINGKUNGAN BALONGCOK,3576020,MAGERSARI,3576020004,BALONGSARI
35760200040032,RT 001 RW 002 LINGKUNGAN BALONGCOK,3576020,MAGERSARI,3576020004,BALONGSARI
35760200040033,RT 002 RW 002 LINGKUNGAN BALONGCOK,3576020,MAGERSARI,3576020004,BALONGSARI
35760200040034,RT 003 RW 002 LINGKUNGAN BALONGCOK,3576020,MAGERSARI,3576020004,BALONGSARI
35760200040035,RT 001 RW 003 LINGKUNGAN BALONGCOK,3576020,MAGERSARI,3576020004,BALONGSARI
35760200040036,RT 002 RW 003 LINGKUNGAN BALONGCOK,3576020,MAGERSARI,3576020004,BALONGSARI
35760200040037,RT 003 RW 003 LINGKUNGAN BALONGCOK,3576020,MAGERSARI,3576020004,BALONGSARI
35760200040038,RT 001 RW 001 LINGKUNGAN MANGUNREJO,3576020,MAGERSARI,3576020004,BALONGSARI
35760200040039,RT 002 RW 001 LINGKUNGAN MANGUNREJO,3576020,MAGERSARI,3576020004,BALONGSARI
35760200040040,RT 003 RW 001 LINGKUNGAN MANGUNREJO,3576020,MAGERSARI,3576020004,BALONGSARI
35760200040041,RT 001 RW 002 LINGKUNGAN MANGUNREJO,3576020,MAGERSARI,3576020004,BALONGSARI
35760200040042,RT 002 RW 002 LINGKUNGAN MANGUNREJO,3576020,MAGERSARI,3576020004,BALONGSARI
35760200040043,RT 003 RW 002 LINGKUNGAN MANGUNREJO,3576020,MAGERSARI,3576020004,BALONGSARI
35760200040044,RT 001 RW 003 LINGKUNGAN MANGUNREJO,3576020,MAGERSARI,3576020004,BALONGSARI
35760200040045,RT 002 RW 003 LINGKUNGAN MANGUNREJO,3576020,MAGERSARI,3576020004,BALONGSARI
35760200040046,RT 003 RW 003 LINGKUNGAN MANGUNREJO,3576020,MAGERSARI,3576020004,BALONGSARI
35760200041001,SAWAH LINGKUNGAN GEMBONGSARI,3576020,MAGERSARI,3576020004,BALONGSARI
35760200041002,SAWAH LINGKUNGAN GEMBONGSARI,3576020,MAGERSARI,3576020004,BALONGSARI
35760200041003,SAWAH LINGKUNGAN SUMOLEPEN,3576020,MAGERSARI,3576020004,BALONGSARI
35760200080001,RT 001 RW 001 LINGKUNGAN TIMUR,3576020,MAGERSARI,3576020008,GEDONGAN
35760200080002,RT 002 RW 001 LINGKUNGAN TIMUR,3576020,MAGERSARI,3576020008,GEDONGAN
35760200080003,RT 003 RW 001 LINGKUNGAN TIMUR,3576020,MAGERSARI,3576020008,GEDONGAN
35760200080004,RT 001 RW 002 LINGKUNGAN BARAT,3576020,MAGERSARI,3576020008,GEDONGAN
35760200080005,RT 002 RW 002 LINGKUNGAN BARAT,3576020,MAGERSARI,3576020008,GEDONGAN
35760200080006,RT 003 RW 002 LINGKUNGAN BARAT,3576020,MAGERSARI,3576020008,GEDONGAN
35760200080007,RT 001 RW 003 LINGKUNGAN BARAT,3576020,MAGERSARI,3576020008,GEDONGAN
35760200080008,RT 002 RW 003 LINGKUNGAN BARAT,3576020,MAGERSARI,3576020008,GEDONGAN
35760200080009,RT 003 RW 003 LINGKUNGAN BARAT,3576020,MAGERSARI,3576020008,GEDONGAN
35760200080010,RT 004 RW 003 LINGKUNGAN BARAT,3576020,MAGERSARI,3576020008,GEDONGAN
35760200080011,RT 001 RW 004 LINGKUNGAN TIMUR,3576020,MAGERSARI,3576020008,GEDONGAN
35760200080012,RT 002 RW 004 LINGKUNGAN TIMUR,3576020,MAGERSARI,3576020008,GEDONGAN
35760200080013,RT 003 RW 004 LINGKUNGAN TIMUR,3576020,MAGERSARI,3576020008,GEDONGAN
35760200080014,RT 004 RW 004 LINGKUNGAN TIMUR,3576020,MAGERSARI,3576020008,GEDONGAN
35760200090001,RT 001 RW 001 LINGKUNGAN MAGERSARI,3576020,MAGERSARI,3576020009,MAGERSARI
35760200090002,RT 002 RW 001 LINGKUNGAN MAGERSARI,3576020,MAGERSARI,3576020009,MAGERSARI
35760200090003,RT 003 RW 001 LINGKUNGAN MAGERSARI,3576020,MAGERSARI,3576020009,MAGERSARI
35760200090004,RT 004 RW 001 LINGKUNGAN MAGERSARI,3576020,MAGERSARI,3576020009,MAGERSARI
35760200090005,RT 001 RW 002 LINGKUNGAN MAGERSARI,3576020,MAGERSARI,3576020009,MAGERSARI
35760200090006,RT 002 RW 002 LINGKUNGAN MAGERSARI,3576020,MAGERSARI,3576020009,MAGERSARI
35760200090007,RT 003 RW 002 LINGKUNGAN MAGERSARI,3576020,MAGERSARI,3576020009,MAGERSARI
35760200090008,RT 004 RW 002 LINGKUNGAN MAGERSARI,3576020,MAGERSARI,3576020009,MAGERSARI
35760200090009,RT 001 RW 001 LINGKUNGAN SURONATAN,3576020,MAGERSARI,3576020009,MAGERSARI
35760200090010,RT 002 RW 001 LINGKUNGAN SURONATAN,3576020,MAGERSARI,3576020009,MAGERSARI
35760200090011,RT 001 RW 002 LINGKUNGAN SURONATAN,3576020,MAGERSARI,3576020009,MAGERSARI
35760200090012,RT 002 RW 002 LINGKUNGAN SURONATAN,3576020,MAGERSARI,3576020009,MAGERSARI
35760200090013,RT 003 RW 002 LINGKUNGAN SURONATAN,3576020,MAGERSARI,3576020009,MAGERSARI
35760200090014,RT 001 RW 001 LINGKUNGAN MARGOSARI,3576020,MAGERSARI,3576020009,MAGERSARI
35760200090015,RT 002 RW 001 LINGKUNGAN MARGOSARI,3576020,MAGERSARI,3576020009,MAGERSARI
35760200090016,RT 003 RW 001 LINGKUNGAN MARGOSARI,3576020,MAGERSARI,3576020009,MAGERSARI
35760200090017,RT 001 RW 002 LINGKUNGAN MARGOSARI,3576020,MAGERSARI,3576020009,MAGERSARI
35760200090018,RT 002 RW 002 LINGKUNGAN MARGOSARI,3576020,MAGERSARI,3576020009,MAGERSARI
35760200090019,RT 003 RW 002 LINGKUNGAN MARGOSARI,3576020,MAGERSARI,3576020009,MAGERSARI
35760200090020,RT 001 RW 001 LINGKUNGAN MULYOSARI,3576020,MAGERSARI,3576020009,MAGERSARI
35760200090021,RT 002 RW 001 LINGKUNGAN MULYOSARI,3576020,MAGERSARI,3576020009,MAGERSARI
35760200090022,RT 003 RW 001 LINGKUNGAN MULYOSARI,3576020,MAGERSARI,3576020009,MAGERSARI
35760200090023,RT 004 RW 001 LINGKUNGAN MULYOSARI,3576020,MAGERSARI,3576020009,MAGERSARI
35760200090024,RT 001 RW 002 LINGKUNGAN MULYOSARI,3576020,MAGERSARI,3576020009,MAGERSARI
35760200090025,RT 002 RW 002 LINGKUNGAN MULYOSARI,3576020,MAGERSARI,3576020009,MAGERSARI
35760200090026,RT 003 RW 002 LINGKUNGAN MULYOSARI,3576020,MAGERSARI,3576020009,MAGERSARI
35760200090027,RT 001 RW 003 LINGKUNGAN MULYOSARI,3576020,MAGERSARI,3576020009,MAGERSARI
35760200090028,RT 002 RW 003 LINGKUNGAN MULYOSARI,3576020,MAGERSARI,3576020009,MAGERSARI
35760200090029,RT 003 RW 003 LINGKUNGAN MULYOSARI,3576020,MAGERSARI,3576020009,MAGERSARI
35760200090030,RT 001 RW 004 LINGKUNGAN MULYOSARI,3576020,MAGERSARI,3576020009,MAGERSARI
35760200090031,RT 002 RW 004 LINGKUNGAN MULYOSARI,3576020,MAGERSARI,3576020009,MAGERSARI
35760200090032,RT 003 RW 004 LINGKUNGAN MULYOSARI,3576020,MAGERSARI,3576020009,MAGERSARI
35760200090033,RT 004 RW 004 LINGKUNGAN MULYOSARI,3576020,MAGERSARI,3576020009,MAGERSARI
35760200090034,RT 005 RW 004 LINGKUNGAN MULYOSARI,3576020,MAGERSARI,3576020009,MAGERSARI
35760200090035,RT 006 RW 004 LINGKUNGAN MULYOSARI,3576020,MAGERSARI,3576020009,MAGERSARI
35760200100001,RT 001 RW 001 LINGKUNGAN BANJAR ANYAR,3576020,MAGERSARI,3576020010,WATES
35760200100002,RT 002 RW 001 LINGKUNGAN BANJAR ANYAR,3576020,MAGERSARI,3576020010,WATES
35760200100003,RT 003 RW 001 LINGKUNGAN BANJAR ANYAR,3576020,MAGERSARI,3576020010,WATES
35760200100004,RT 001 RW 002 LINGKUNGAN BANJAR ANYAR,3576020,MAGERSARI,3576020010,WATES
35760200100005,RT 002 RW 002 LINGKUNGAN BANJAR ANYAR,3576020,MAGERSARI,3576020010,WATES
35760200100006,RT 001 RW 001 LINGKUNGAN KARANGLO,3576020,MAGERSARI,3576020010,WATES
35760200100007,RT 002 RW 001 LINGKUNGAN KARANGLO,3576020,MAGERSARI,3576020010,WATES
35760200100008,RT 003 RW 001 LINGKUNGAN KARANGLO,3576020,MAGERSARI,3576020010,WATES
35760200100009,RT 001 RW 002 LINGKUNGAN KARANGLO,3576020,MAGERSARI,3576020010,WATES
35760200100010,RT 002 RW 002 LINGKUNGAN KARANGLO,3576020,MAGERSARI,3576020010,WATES
35760200100011,RT 003 RW 002 LINGKUNGAN KARANGLO,3576020,MAGERSARI,3576020010,WATES
35760200100012,RT 001 RW 001 LINGKUNGAN BANCANG,3576020,MAGERSARI,3576020010,WATES
35760200100013,RT 002 RW 001 LINGKUNGAN BANCANG,3576020,MAGERSARI,3576020010,WATES
35760200100014,RT 003 RW 001 LINGKUNGAN BANCANG,3576020,MAGERSARI,3576020010,WATES
35760200100015,RT 001 RW 002 LINGKUNGAN BANCANG,3576020,MAGERSARI,3576020010,WATES
35760200100016,RT 002 RW 002 LINGKUNGAN BANCANG,3576020,MAGERSARI,3576020010,WATES
35760200100017,RT 003 RW 002 LINGKUNGAN BANCANG,3576020,MAGERSARI,3576020010,WATES
35760200100018,RT 001 RW 003 LINGKUNGAN BANCANG,3576020,MAGERSARI,3576020010,WATES
35760200100019,RT 002 RW 003 LINGKUNGAN BANCANG,3576020,MAGERSARI,3576020010,WATES
35760200100020,RT 001 RW 001 LINGKUNGAN WATES,3576020,MAGERSARI,3576020010,WATES
35760200100021,RT 002 RW 001 LINGKUNGAN WATES,3576020,MAGERSARI,3576020010,WATES
35760200100022,RT 003 RW 001 LINGKUNGAN WATES,3576020,MAGERSARI,3576020010,WATES
35760200100023,RT 001 RW 002 LINGKUNGAN WATES,3576020,MAGERSARI,3576020010,WATES
35760200100024,RT 002 RW 002 LINGKUNGAN WATES,3576020,MAGERSARI,3576020010,WATES
35760200100025,RT 003 RW 002 LINGKUNGAN WATES,3576020,MAGERSARI,3576020010,WATES
35760200100026,RT 002 RW 003 LINGKUNGAN WATES,3576020,MAGERSARI,3576020010,WATES
35760200100027,RT 003 RW 003 LINGKUNGAN WATES,3576020,MAGERSARI,3576020010,WATES
35760200100028,RT 001 RW 001 LINGKUNGAN PERTIM,3576020,MAGERSARI,3576020010,WATES
35760200100029,RT 002 RW 001 LINGKUNGAN PERTIM,3576020,MAGERSARI,3576020010,WATES
35760200100030,RT 003 RW 001 LINGKUNGAN PERTIM,3576020,MAGERSARI,3576020010,WATES
35760200100031,RT 004 RW 001 LINGKUNGAN PERTIM,3576020,MAGERSARI,3576020010,WATES
35760200100032,RT 005 RW 001 LINGKUNGAN PERTIM,3576020,MAGERSARI,3576020010,WATES
35760200100033,RT 001 RW 002 LINGKUNGAN PERTIM,3576020,MAGERSARI,3576020010,WATES
35760200100034,RT 002 RW 002 LINGKUNGAN PERTIM,3576020,MAGERSARI,3576020010,WATES
35760200100035,RT 003 RW 002 LINGKUNGAN PERTIM,3576020,MAGERSARI,3576020010,WATES
35760200100036,RT 001 RW 003 LINGKUNGAN PERTIM,3576020,MAGERSARI,3576020010,WATES
35760200100037,RT 002 RW 003 LINGKUNGAN PERTIM,3576020,MAGERSARI,3576020010,WATES
35760200100038,RT 003 RW 003 LINGKUNGAN PERTIM,3576020,MAGERSARI,3576020010,WATES
35760200100039,RT 004 RW 003 LINGKUNGAN PERTIM,3576020,MAGERSARI,3576020010,WATES
35760200100040,RT 001 RW 004 LINGKUNGAN PERTIM,3576020,MAGERSARI,3576020010,WATES
35760200100041,RT 002 RW 004 LINGKUNGAN PERTIM,3576020,MAGERSARI,3576020010,WATES
35760200100042,RT 003 RW 004 LINGKUNGAN PERTIM,3576020,MAGERSARI,3576020010,WATES
35760200100043,RT 004 RW 004 LINGKUNGAN PERTIM,3576020,MAGERSARI,3576020010,WATES
35760200100044,RT 005 RW 004 LINGKUNGAN PERTIM,3576020,MAGERSARI,3576020010,WATES
35760200100045,RT 006 RW 004 LINGKUNGAN PERTIM,3576020,MAGERSARI,3576020010,WATES
35760200100046,RT 007 RW 004 LINGKUNGAN PERTIM,3576020,MAGERSARI,3576020010,WATES
35760200100047,RT 008 RW 004 LINGKUNGAN PERTIM,3576020,MAGERSARI,3576020010,WATES
35760200100048,RT 009 RW 004 LINGKUNGAN PERTIM,3576020,MAGERSARI,3576020010,WATES
35760200100049,RT 010 RW 004 LINGKUNGAN PERTIM,3576020,MAGERSARI,3576020010,WATES
35760200100050,RT 011 RW 004 LINGKUNGAN PERTIM,3576020,MAGERSARI,3576020010,WATES
35760200100051,RT 001 RW 001 LINGKUNGAN PERTENG,3576020,MAGERSARI,3576020010,WATES
35760200100052,RT 002 RW 001 LINGKUNGAN PERTENG,3576020,MAGERSARI,3576020010,WATES
35760200100053,RT 003 RW 001 LINGKUNGAN PERTENG,3576020,MAGERSARI,3576020010,WATES
35760200100054,RT 001 RW 002 LINGKUNGAN PERTENG,3576020,MAGERSARI,3576020010,WATES
35760200100055,RT 002 RW 002 LINGKUNGAN PERTENG,3576020,MAGERSARI,3576020010,WATES
35760200100056,RT 003 RW 002 LINGKUNGAN PERTENG,3576020,MAGERSARI,3576020010,WATES
35760200100057,RT 001 RW 003 LINGKUNGAN PERTENG,3576020,MAGERSARI,3576020010,WATES
35760200100058,RT 002 RW 003 LINGKUNGAN PERTENG,3576020,MAGERSARI,3576020010,WATES
35760200100059,RT 003 RW 003 LINGKUNGAN PERTENG,3576020,MAGERSARI,3576020010,WATES
35760200100060,RT 004 RW 003 LINGKUNGAN PERTENG,3576020,MAGERSARI,3576020010,WATES
35760200100061,RT 001 RW 004 LINGKUNGAN PERTENG,3576020,MAGERSARI,3576020010,WATES
35760200100062,RT 002 RW 004 LINGKUNGAN PERTENG,3576020,MAGERSARI,3576020010,WATES
35760200100063,RT 003 RW 004 LINGKUNGAN PERTENG,3576020,MAGERSARI,3576020010,WATES
35760200100064,RT 001 RW 005 LINGKUNGAN PERTENG,3576020,MAGERSARI,3576020010,WATES
35760200100065,RT 002 RW 005 LINGKUNGAN PERTENG,3576020,MAGERSARI,3576020010,WATES
35760200100066,RT 003 RW 005 LINGKUNGAN PERTENG,3576020,MAGERSARI,3576020010,WATES
35760200100067,RT 001 RW 006 LINGKUNGAN PERTENG,3576020,MAGERSARI,3576020010,WATES
35760200100068,RT 002 RW 006 LINGKUNGAN PERTENG,3576020,MAGERSARI,3576020010,WATES
35760200100069,RT 003 RW 006 LINGKUNGAN PERTENG,3576020,MAGERSARI,3576020010,WATES
35760200100070,RT 004 RW 006 LINGKUNGAN PERTENG,3576020,MAGERSARI,3576020010,WATES
35760200100071,RT 005 RW 006 LINGKUNGAN PERTENG,3576020,MAGERSARI,3576020010,WATES
35760200100072,RT 001 RW 007 LINGKUNGAN PERTENG,3576020,MAGERSARI,3576020010,WATES
35760200100073,RT 002 RW 007 LINGKUNGAN PERTENG,3576020,MAGERSARI,3576020010,WATES
35760200100074,RT 003 RW 007 LINGKUNGAN PERTENG,3576020,MAGERSARI,3576020010,WATES
35760200100075,RT 004 RW 007 LINGKUNGAN PERTENG,3576020,MAGERSARI,3576020010,WATES
35760200100076,RT 001 RW 008 LINGKUNGAN PERTENG,3576020,MAGERSARI,3576020010,WATES
35760200100077,RT 002 RW 008 LINGKUNGAN PERTENG,3576020,MAGERSARI,3576020010,WATES
35760200100078,RT 003 RW 008 LINGKUNGAN PERTENG,3576020,MAGERSARI,3576020010,WATES
35760200100079,RT 001 RW 001 LINGKUNGAN PERBAR,3576020,MAGERSARI,3576020010,WATES
35760200100080,RT 002 RW 001 LINGKUNGAN PERBAR,3576020,MAGERSARI,3576020010,WATES
35760200100081,RT 003 RW 001 LINGKUNGAN PERBAR,3576020,MAGERSARI,3576020010,WATES
35760200100082,RT 004 RW 001 LINGKUNGAN PERBAR,3576020,MAGERSARI,3576020010,WATES
35760200100083,RT 001 RW 002 LINGKUNGAN PERBAR,3576020,MAGERSARI,3576020010,WATES
35760200100084,RT 002 RW 002 LINGKUNGAN PERBAR,3576020,MAGERSARI,3576020010,WATES
35760200100085,RT 003 RW 002 LINGKUNGAN PERBAR,3576020,MAGERSARI,3576020010,WATES
35760200100086,RT 004 RW 002 LINGKUNGAN PERBAR,3576020,MAGERSARI,3576020010,WATES
35760200100087,RT 005 RW 002 LINGKUNGAN PERBAR,3576020,MAGERSARI,3576020010,WATES
35760200100088,RT 006 RW 002 LINGKUNGAN PERBAR,3576020,MAGERSARI,3576020010,WATES
35760200100089,RT 001 RW 003 LINGKUNGAN PERBAR,3576020,MAGERSARI,3576020010,WATES
35760200100090,RT 002 RW 003 LINGKUNGAN PERBAR,3576020,MAGERSARI,3576020010,WATES
35760200100091,RT 003 RW 003 LINGKUNGAN PERBAR,3576020,MAGERSARI,3576020010,WATES
35760200100092,RT 004 RW 003 LINGKUNGAN PERBAR,3576020,MAGERSARI,3576020010,WATES
35760200100093,RT 001 RW 004 LINGKUNGAN PERBAR,3576020,MAGERSARI,3576020010,WATES
35760200100094,RT 002 RW 004 LINGKUNGAN PERBAR,3576020,MAGERSARI,3576020010,WATES
35760200100095,RT 003 RW 004 LINGKUNGAN PERBAR,3576020,MAGERSARI,3576020010,WATES
35760200100096,RT 004 RW 004 LINGKUNGAN PERBAR,3576020,MAGERSARI,3576020010,WATES
35760200100097,RT 005 RW 004 LINGKUNGAN PERBAR,3576020,MAGERSARI,3576020010,WATES
35760200100098,RT 006 RW 004 LINGKUNGAN PERBAR,3576020,MAGERSARI,3576020010,WATES
35760200101001,SAWAH,3576020,MAGERSARI,3576020010,WATES
35760200101002,SAWAH,3576020,MAGERSARI,3576020010,WATES
35760200101003,SAWAH,3576020,MAGERSARI,3576020010,WATES
35760200106004,SUNGAI BRANTAS,3576020,MAGERSARI,3576020010,WATES
35760210010001,RT 001 RW 001 LINGKUNGAN KRANGGAN,3576021,KRANGGAN,3576021001,KRANGGAN
35760210010002,RT 002 RW 001 LINGKUNGAN KRANGGAN,3576021,KRANGGAN,3576021001,KRANGGAN
35760210010003,RT 003 RW 001 LINGKUNGAN KRANGGAN,3576021,KRANGGAN,3576021001,KRANGGAN
35760210010004,RT 004 RW 001 LINGKUNGAN KRANGGAN,3576021,KRANGGAN,3576021001,KRANGGAN
35760210010005,RT 005 RW 001 LINGKUNGAN KRANGGAN,3576021,KRANGGAN,3576021001,KRANGGAN
35760210010006,RT 001 RW 002 LINGKUNGAN KRANGGAN,3576021,KRANGGAN,3576021001,KRANGGAN
35760210010007,RT 002 RW 002 LINGKUNGAN KRANGGAN,3576021,KRANGGAN,3576021001,KRANGGAN
35760210010008,RT 003 RW 002 LINGKUNGAN KRANGGAN,3576021,KRANGGAN,3576021001,KRANGGAN
35760210010009,RT 001 RW 001 LINGKUNGAN SURATAN,3576021,KRANGGAN,3576021001,KRANGGAN
35760210010010,RT 002 RW 001 LINGKUNGAN SURATAN,3576021,KRANGGAN,3576021001,KRANGGAN
35760210010011,RT 003 RW 001 LINGKUNGAN SURATAN,3576021,KRANGGAN,3576021001,KRANGGAN
35760210010012,RT 004 RW 001 LINGKUNGAN SURATAN,3576021,KRANGGAN,3576021001,KRANGGAN
35760210010013,RT 001 RW 002 LINGKUNGAN SURATAN,3576021,KRANGGAN,3576021001,KRANGGAN
35760210010014,RT 002 RW 002 LINGKUNGAN SURATAN,3576021,KRANGGAN,3576021001,KRANGGAN
35760210010015,RT 003 RW 002 LINGKUNGAN SURATAN,3576021,KRANGGAN,3576021001,KRANGGAN
35760210010016,RT 004 RW 002 LINGKUNGAN SURATAN,3576021,KRANGGAN,3576021001,KRANGGAN
35760210010017,RT 005 RW 002 LINGKUNGAN SURATAN,3576021,KRANGGAN,3576021001,KRANGGAN
35760210010018,RT 001 RW 003 LINGKUNGAN SURATAN,3576021,KRANGGAN,3576021001,KRANGGAN
35760210010019,RT 002 RW 003 LINGKUNGAN SURATAN,3576021,KRANGGAN,3576021001,KRANGGAN
35760210010020,RT 003 RW 003 LINGKUNGAN SURATAN,3576021,KRANGGAN,3576021001,KRANGGAN
35760210010021,RT 004 RW 003 LINGKUNGAN SURATAN,3576021,KRANGGAN,3576021001,KRANGGAN
35760210010022,RT 005 RW 003 LINGKUNGAN SURATAN,3576021,KRANGGAN,3576021001,KRANGGAN
35760210010023,RT 001 RW 004 LINGKUNGAN SURATAN NGAGLIK,3576021,KRANGGAN,3576021001,KRANGGAN
35760210010024,RT 002 RW 004 LINGKUNGAN SURATAN NGAGLIK,3576021,KRANGGAN,3576021001,KRANGGAN
35760210010025,RT 003 RW 004 LINGKUNGAN SURATAN NGAGLIK,3576021,KRANGGAN,3576021001,KRANGGAN
35760210010026,RT 004 RW 004 LINGKUNGAN SURATAN NGAGLIK,3576021,KRANGGAN,3576021001,KRANGGAN
35760210010027,RT 005 RW 004 LINGKUNGAN SURATAN NGAGLIK,3576021,KRANGGAN,3576021001,KRANGGAN
35760210010028,RT 001 RW 005 LINGKUNGAN SURATAN NGAGLIK,3576021,KRANGGAN,3576021001,KRANGGAN
35760210010029,RT 002 RW 005 LINGKUNGAN SURATAN NGAGLIK,3576021,KRANGGAN,3576021001,KRANGGAN
35760210010030,RT 003 RW 005 LINGKUNGAN SURATAN NGAGLIK,3576021,KRANGGAN,3576021001,KRANGGAN
35760210010031,RT 001 RW 001 LINGKUNGAN PANGGREMAN,3576021,KRANGGAN,3576021001,KRANGGAN
35760210010032,RT 002 RW 001 LINGKUNGAN PANGGREMAN,3576021,KRANGGAN,3576021001,KRANGGAN
35760210010033,RT 003 RW 001 LINGKUNGAN PANGGREMAN,3576021,KRANGGAN,3576021001,KRANGGAN
35760210010034,RT 001 RW 002 LINGKUNGAN PANGGREMAN,3576021,KRANGGAN,3576021001,KRANGGAN
35760210010035,RT 002 RW 002 LINGKUNGAN PANGGREMAN,3576021,KRANGGAN,3576021001,KRANGGAN
35760210010036,RT 003 RW 002 LINGKUNGAN PANGGREMAN,3576021,KRANGGAN,3576021001,KRANGGAN
35760210010037,RT 004 RW 002 LINGKUNGAN PANGGREMAN,3576021,KRANGGAN,3576021001,KRANGGAN
35760210010038,RT 001 RW 003 LINGKUNGAN PANGGREMAN,3576021,KRANGGAN,3576021001,KRANGGAN
35760210010039,RT 002 RW 003 LINGKUNGAN PANGGREMAN,3576021,KRANGGAN,3576021001,KRANGGAN
35760210010040,RT 003 RW 003 LINGKUNGAN PANGGREMAN,3576021,KRANGGAN,3576021001,KRANGGAN
35760210010041,RT 004 RW 003 LINGKUNGAN PANGGREMAN,3576021,KRANGGAN,3576021001,KRANGGAN
35760210010042,RT 005 RW 003 LINGKUNGAN PANGGREMAN,3576021,KRANGGAN,3576021001,KRANGGAN
35760210010043,RT 001 RW 001 LINGKUNGAN PENARIP,3576021,KRANGGAN,3576021001,KRANGGAN
35760210010044,RT 002 RW 001 LINGKUNGAN PENARIP,3576021,KRANGGAN,3576021001,KRANGGAN
35760210010045,RT 003 RW 001 LINGKUNGAN PENARIP,3576021,KRANGGAN,3576021001,KRANGGAN
35760210010046,RT 004 RW 001 LINGKUNGAN PENARIP,3576021,KRANGGAN,3576021001,KRANGGAN
35760210010047,RT 001 RW 001 LINGKUNGAN PEKAYON,3576021,KRANGGAN,3576021001,KRANGGAN
35760210010048,RT 002 RW 001 LINGKUNGAN PEKAYON,3576021,KRANGGAN,3576021001,KRANGGAN
35760210010049,RT 003 RW 001 LINGKUNGAN PEKAYON,3576021,KRANGGAN,3576021001,KRANGGAN
35760210010050,RT 004 RW 001 LINGKUNGAN PEKAYON,3576021,KRANGGAN,3576021001,KRANGGAN
35760210010051,RT 005 RW 001 LINGKUNGAN PEKAYON,3576021,KRANGGAN,3576021001,KRANGGAN
35760210010052,RT 001 RW 002 LINGKUNGAN PEKAYON,3576021,KRANGGAN,3576021001,KRANGGAN
35760210010053,RT 002 RW 002 LINGKUNGAN PEKAYON,3576021,KRANGGAN,3576021001,KRANGGAN
35760210010054,RT 003 RW 002 LINGKUNGAN PEKAYON,3576021,KRANGGAN,3576021001,KRANGGAN
35760210010055,RT 001 RW 003 LINGKUNGAN PEKAYON,3576021,KRANGGAN,3576021001,KRANGGAN
35760210010056,RT 002 RW 003 LINGKUNGAN PEKAYON,3576021,KRANGGAN,3576021001,KRANGGAN
35760210010057,RT 003 RW 003 LINGKUNGAN PEKAYON,3576021,KRANGGAN,3576021001,KRANGGAN
35760210010058,RT 004 RW 003 LINGKUNGAN PEKAYON,3576021,KRANGGAN,3576021001,KRANGGAN
35760210010059,RT 005 RW 003 LINGKUNGAN PEKAYON,3576021,KRANGGAN,3576021001,KRANGGAN
35760210010060,RT 006 RW 003 LINGKUNGAN PEKAYON,3576021,KRANGGAN,3576021001,KRANGGAN
35760210010061,RT 004 RW 005 LINGKUNGAN SURATAN NGAGLIK,3576021,KRANGGAN,3576021001,KRANGGAN
35760210013001,LAPANGAN SEPAK BOLA,3576021,KRANGGAN,3576021001,KRANGGAN
35760210013002,MAKAM UMUM SURATAN,3576021,KRANGGAN,3576021001,KRANGGAN
35760210016003,SUNGAI CEMPORAT,3576021,KRANGGAN,3576021001,KRANGGAN
35760210020001,RT 001 RW 001 LINGKUNGAN KUWUNG,3576021,KRANGGAN,3576021002,MERI
35760210020002,RT 002 RW 001 LINGKUNGAN KUWUNG,3576021,KRANGGAN,3576021002,MERI
35760210020003,RT 003 RW 001 LINGKUNGAN KUWUNG,3576021,KRANGGAN,3576021002,MERI
35760210020004,RT 001 RW 002 LINGKUNGAN KUWUNG,3576021,KRANGGAN,3576021002,MERI
35760210020005,RT 002 RW 002 LINGKUNGAN KUWUNG,3576021,KRANGGAN,3576021002,MERI
35760210020006,RT 003 RW 002 LINGKUNGAN KUWUNG,3576021,KRANGGAN,3576021002,MERI
35760210020007,RT 001 RW 003 LINGKUNGAN KUWUNG,3576021,KRANGGAN,3576021002,MERI
35760210020008,RT 002 RW 003 LINGKUNGAN KUWUNG,3576021,KRANGGAN,3576021002,MERI
35760210020009,RT 003 RW 003 LINGKUNGAN KUWUNG,3576021,KRANGGAN,3576021002,MERI
35760210020010,RT 001 RW 001 LINGKUNGAN MERI,3576021,KRANGGAN,3576021002,MERI
35760210020011,RT 002 RW 001 LINGKUNGAN MERI,3576021,KRANGGAN,3576021002,MERI
35760210020012,RT 003 RW 001 LINGKUNGAN MERI,3576021,KRANGGAN,3576021002,MERI
35760210020013,RT 004 RW 001 LINGKUNGAN MERI,3576021,KRANGGAN,3576021002,MERI
35760210020015,RT 001 RW 002 LINGKUNGAN MERI,3576021,KRANGGAN,3576021002,MERI
35760210020016,RT 002 RW 002 LINGKUNGAN MERI,3576021,KRANGGAN,3576021002,MERI
35760210020017,RT 003 RW 002 LINGKUNGAN MERI,3576021,KRANGGAN,3576021002,MERI
35760210020018,RT 001 RW 003 LINGKUNGAN MERI,3576021,KRANGGAN,3576021002,MERI
35760210020019,RT 002 RW 003 LINGKUNGAN MERI,3576021,KRANGGAN,3576021002,MERI
35760210020020,RT 003 RW 003 LINGKUNGAN MERI,3576021,KRANGGAN,3576021002,MERI
35760210020021,RT 004 RW 003 LINGKUNGAN MERI,3576021,KRANGGAN,3576021002,MERI
35760210020022,RT 001 RW 004 LINGKUNGAN MERI,3576021,KRANGGAN,3576021002,MERI
35760210020023,RT 002 RW 004 LINGKUNGAN MERI,3576021,KRANGGAN,3576021002,MERI
35760210020024,RT 003 RW 004 LINGKUNGAN MERI,3576021,KRANGGAN,3576021002,MERI
35760210020025,RT 001 RW 005 LINGKUNGAN MERI,3576021,KRANGGAN,3576021002,MERI
35760210020026,RT 002 RW 005 LINGKUNGAN MERI,3576021,KRANGGAN,3576021002,MERI
35760210020027,RT 003 RW 005 LINGKUNGAN MERI,3576021,KRANGGAN,3576021002,MERI
35760210020028,RT 004 RW 005 LINGKUNGAN MERI,3576021,KRANGGAN,3576021002,MERI
35760210020029,RT 001 RW 006 LINGKUNGAN MERI,3576021,KRANGGAN,3576021002,MERI
35760210020030,RT 002 RW 006 LINGKUNGAN MERI,3576021,KRANGGAN,3576021002,MERI
35760210020031,RT 003 RW 006 LINGKUNGAN MERI,3576021,KRANGGAN,3576021002,MERI
35760210020032,RT 004 RW 006 LINGKUNGAN MERI,3576021,KRANGGAN,3576021002,MERI
35760210020033,RT 005 RW 006 LINGKUNGAN MERI,3576021,KRANGGAN,3576021002,MERI
35760210020034,RT 006 RW 006 LINGKUNGAN MERI,3576021,KRANGGAN,3576021002,MERI
35760210020035,RT 007 RW 006 LINGKUNGAN MERI,3576021,KRANGGAN,3576021002,MERI
35760210020036,RT 001 RW 001 LINGKUNGAN TROPODO,3576021,KRANGGAN,3576021002,MERI
35760210020037,RT 002 RW 001 LINGKUNGAN TROPODO,3576021,KRANGGAN,3576021002,MERI
35760210020038,RT 003 RW 001 LINGKUNGAN TROPODO,3576021,KRANGGAN,3576021002,MERI
35760210020039,RT 001 RW 002 LINGKUNGAN TROPODO,3576021,KRANGGAN,3576021002,MERI
35760210020040,RT 002 RW 002 LINGKUNGAN TROPODO,3576021,KRANGGAN,3576021002,MERI
35760210020041,RT 003 RW 002 LINGKUNGAN TROPODO,3576021,KRANGGAN,3576021002,MERI
35760210020042,RT 004 RW 002 LINGKUNGAN TROPODO,3576021,KRANGGAN,3576021002,MERI
35760210020043,RT 002 RW 004 LINGKUNGAN MERI,3576021,KRANGGAN,3576021002,MERI
35760210020044,RT 001 RW 004 LINGKUNGAN MERI,3576021,KRANGGAN,3576021002,MERI
35760210020045,RT 003 RW 004 LINGKUNGAN MERI,3576021,KRANGGAN,3576021002,MERI
35760210021001,SAWAH,3576021,KRANGGAN,3576021002,MERI
35760210021005,SAWAH,3576021,KRANGGAN,3576021002,MERI
35760210021006,SAWAH,3576021,KRANGGAN,3576021002,MERI
35760210022004,LAHAN KOSONG,3576021,KRANGGAN,3576021002,MERI
35760210023008,MAKAM,3576021,KRANGGAN,3576021002,MERI
35760210025002,PASAR DAN PERTOKOAN,3576021,KRANGGAN,3576021002,MERI
35760210025003,PASAR DAN MAKAM,3576021,KRANGGAN,3576021002,MERI
35760210026007,PERAIRAN,3576021,KRANGGAN,3576021002,MERI
35760210030001,RT 001 RW 001 LINGKUNGAN JAGALAN,3576021,KRANGGAN,3576021003,JAGALAN
35760210030002,RT 002 RW 001 LINGKUNGAN JAGALAN,3576021,KRANGGAN,3576021003,JAGALAN
35760210030003,RT 003 RW 001 LINGKUNGAN JAGALAN,3576021,KRANGGAN,3576021003,JAGALAN
35760210030004,RT 001 RW 002 LINGKUNGAN JAGALAN,3576021,KRANGGAN,3576021003,JAGALAN
35760210030005,RT 002 RW 002 LINGKUNGAN JAGALAN,3576021,KRANGGAN,3576021003,JAGALAN
35760210030006,RT 003 RW 002 LINGKUNGAN JAGALAN,3576021,KRANGGAN,3576021003,JAGALAN
35760210030007,RT 001 RW 003 LINGKUNGAN JAGALAN,3576021,KRANGGAN,3576021003,JAGALAN
35760210030008,RT 002 RW 003 LINGKUNGAN JAGALAN,3576021,KRANGGAN,3576021003,JAGALAN
35760210030009,RT 003 RW 003 LINGKUNGAN JAGALAN,3576021,KRANGGAN,3576021003,JAGALAN
35760210030010,RT 001 RW 001 LINGKUNGAN KALIMATI,3576021,KRANGGAN,3576021003,JAGALAN
35760210030011,RT 002 RW 001 LINGKUNGAN KALIMATI,3576021,KRANGGAN,3576021003,JAGALAN
35760210030012,RT 003 RW 001 LINGKUNGAN KALIMATI,3576021,KRANGGAN,3576021003,JAGALAN
35760210030013,RT 001 RW 002 LINGKUNGAN KALIMATI,3576021,KRANGGAN,3576021003,JAGALAN
35760210030014,RT 002 RW 002 LINGKUNGAN KALIMATI,3576021,KRANGGAN,3576021003,JAGALAN
35760210030015,RT 003 RW 002 LINGKUNGAN KALIMATI,3576021,KRANGGAN,3576021003,JAGALAN
35760210030016,RT 001 RW 003 LINGKUNGAN KALIMATI,3576021,KRANGGAN,3576021003,JAGALAN
35760210030017,RT 002 RW 003 LINGKUNGAN KALIMATI,3576021,KRANGGAN,3576021003,JAGALAN
35760210030018,RT 003 RW 003 LINGKUNGAN KALIMATI,3576021,KRANGGAN,3576021003,JAGALAN
35760210035001,PERKANTORAN,3576021,KRANGGAN,3576021003,JAGALAN
35760210035002,PASAR TRADISIONAL,3576021,KRANGGAN,3576021003,JAGALAN
35760210035003,FASILITAS UMUM,3576021,KRANGGAN,3576021003,JAGALAN
35760210040001,RT 001 RW 001 LINGKUNGAN MIJI,3576021,KRANGGAN,3576021004,MIJI
35760210040002,RT 002 RW 001 LINGKUNGAN MIJI,3576021,KRANGGAN,3576021004,MIJI
35760210040003,RT 003 RW 001 LINGKUNGAN MIJI,3576021,KRANGGAN,3576021004,MIJI
35760210040004,RT 001 RW 002 LINGKUNGAN MIJI,3576021,KRANGGAN,3576021004,MIJI
35760210040005,RT 002 RW 002 LINGKUNGAN MIJI,3576021,KRANGGAN,3576021004,MIJI
35760210040006,RT 003 RW 002 LINGKUNGAN MIJI,3576021,KRANGGAN,3576021004,MIJI
35760210040007,RT 001 RW 003 LINGKUNGAN MIJI,3576021,KRANGGAN,3576021004,MIJI
35760210040008,RT 002 RW 003 LINGKUNGAN MIJI,3576021,KRANGGAN,3576021004,MIJI
35760210040009,RT 003 RW 003 LINGKUNGAN MIJI,3576021,KRANGGAN,3576021004,MIJI
35760210040010,RT 001 RW 001 LINGKUNGAN MIJI BARU,3576021,KRANGGAN,3576021004,MIJI
35760210040011,RT 002 RW 001 LINGKUNGAN MIJI BARU,3576021,KRANGGAN,3576021004,MIJI
35760210040012,RT 003 RW 001 LINGKUNGAN MIJI BARU,3576021,KRANGGAN,3576021004,MIJI
35760210040013,RT 004 RW 001 LINGKUNGAN MIJI BARU,3576021,KRANGGAN,3576021004,MIJI
35760210040014,RT 005 RW 001 LINGKUNGAN MIJI BARU,3576021,KRANGGAN,3576021004,MIJI
35760210040015,RT 006 RW 001 LINGKUNGAN MIJI BARU,3576021,KRANGGAN,3576021004,MIJI
35760210040016,RT 001 RW 002 LINGKUNGAN MIJI BARU,3576021,KRANGGAN,3576021004,MIJI
35760210040017,RT 002 RW 002 LINGKUNGAN MIJI BARU,3576021,KRANGGAN,3576021004,MIJI
35760210040018,RT 003 RW 002 LINGKUNGAN MIJI BARU,3576021,KRANGGAN,3576021004,MIJI
35760210040019,RT 004 RW 002 LINGKUNGAN MIJI BARU,3576021,KRANGGAN,3576021004,MIJI
35760210040020,RT 001 RW 001 LINGKUNGAN SINOMAN,3576021,KRANGGAN,3576021004,MIJI
35760210040021,RT 002 RW 001 LINGKUNGAN SINOMAN,3576021,KRANGGAN,3576021004,MIJI
35760210040022,RT 003 RW 001 LINGKUNGAN SINOMAN,3576021,KRANGGAN,3576021004,MIJI
35760210040023,RT 004 RW 001 LINGKUNGAN SINOMAN,3576021,KRANGGAN,3576021004,MIJI
35760210040024,RT 005 RW 001 LINGKUNGAN SINOMAN,3576021,KRANGGAN,3576021004,MIJI
35760210040025,RT 006 RW 001 LINGKUNGAN SINOMAN,3576021,KRANGGAN,3576021004,MIJI
35760210040026,RT 007 RW 001 LINGKUNGAN SINOMAN,3576021,KRANGGAN,3576021004,MIJI
35760210040027,RT 001 RW 002 LINGKUNGAN SINOMAN,3576021,KRANGGAN,3576021004,MIJI
35760210040028,RT 002 RW 002 LINGKUNGAN SINOMAN,3576021,KRANGGAN,3576021004,MIJI
35760210040029,RT 003 RW 002 LINGKUNGAN SINOMAN,3576021,KRANGGAN,3576021004,MIJI
35760210040030,RT 004 RW 002 LINGKUNGAN SINOMAN,3576021,KRANGGAN,3576021004,MIJI
35760210040031,RT 001 RW 003 LINGKUNGAN SINOMAN,3576021,KRANGGAN,3576021004,MIJI
35760210040032,RT 002 RW 003 LINGKUNGAN SINOMAN,3576021,KRANGGAN,3576021004,MIJI
35760210040033,RT 003 RW 003 LINGKUNGAN SINOMAN,3576021,KRANGGAN,3576021004,MIJI
35760210040034,RT 004 RW 003 LINGKUNGAN SINOMAN,3576021,KRANGGAN,3576021004,MIJI
35760210040035,RT 005 RW 003 LINGKUNGAN SINOMAN,3576021,KRANGGAN,3576021004,MIJI
35760210040036,RT 001 RW 001 LINGKUNGAN KEDUNGKWALI,3576021,KRANGGAN,3576021004,MIJI
35760210040037,RT 002 RW 001 LINGKUNGAN KEDUNGKWALI,3576021,KRANGGAN,3576021004,MIJI
35760210040038,RT 003 RW 001 LINGKUNGAN KEDUNGKWALI,3576021,KRANGGAN,3576021004,MIJI
35760210040039,RT 004 RW 001 LINGKUNGAN KEDUNGKWALI,3576021,KRANGGAN,3576021004,MIJI
35760210040040,RT 001 RW 002 LINGKUNGAN KEDUNGKWALI,3576021,KRANGGAN,3576021004,MIJI
35760210040041,RT 002 RW 002 LINGKUNGAN KEDUNGKWALI,3576021,KRANGGAN,3576021004,MIJI
35760210040042,RT 003 RW 002 LINGKUNGAN KEDUNGKWALI,3576021,KRANGGAN,3576021004,MIJI
35760210040043,RT 004 RW 002 LINGKUNGAN KEDUNGKWALI,3576021,KRANGGAN,3576021004,MIJI
35760210040044,RT 005 RW 002 LINGKUNGAN KEDUNGKWALI,3576021,KRANGGAN,3576021004,MIJI
35760210040045,RT 001 RW 003 LINGKUNGAN KEDUNGKWALI,3576021,KRANGGAN,3576021004,MIJI
35760210040046,RT 002 RW 003 LINGKUNGAN KEDUNGKWALI,3576021,KRANGGAN,3576021004,MIJI
35760210040047,RT 003 RW 003 LINGKUNGAN KEDUNGKWALI,3576021,KRANGGAN,3576021004,MIJI
35760210040048,RT 004 RW 003 LINGKUNGAN KEDUNGKWALI,3576021,KRANGGAN,3576021004,MIJI
35760210040049,RT 005 RW 003 LINGKUNGAN KEDUNGKWALI,3576021,KRANGGAN,3576021004,MIJI
35760210046001,SUNGAI,3576021,KRANGGAN,3576021004,MIJI
35760210050001,RT 001 RW 001 LINGKUNGAN SENTANAN UTARA,3576021,KRANGGAN,3576021005,SENTANAN
35760210050002,RT 002 RW 001 LINGKUNGAN SENTANAN UTARA,3576021,KRANGGAN,3576021005,SENTANAN
35760210050003,RT 001 RW 002 LINGKUNGAN SENTANAN UTARA,3576021,KRANGGAN,3576021005,SENTANAN
35760210050004,RT 002 RW 002 LINGKUNGAN SENTANAN UTARA,3576021,KRANGGAN,3576021005,SENTANAN
35760210050005,RT 003 RW 002 LINGKUNGAN SENTANAN UTARA,3576021,KRANGGAN,3576021005,SENTANAN
35760210050006,RT 001 RW 003 LINGKUNGAN SENTANAN UTARA,3576021,KRANGGAN,3576021005,SENTANAN
35760210050007,RT 002 RW 003 LINGKUNGAN SENTANAN UTARA,3576021,KRANGGAN,3576021005,SENTANAN
35760210050008,RT 001 RW 001 LINGKUNGAN SENTANAN SELATAN,3576021,KRANGGAN,3576021005,SENTANAN
35760210050009,RT 002 RW 001 LINGKUNGAN SENTANAN SELATAN,3576021,KRANGGAN,3576021005,SENTANAN
35760210050010,RT 001 RW 002 LINGKUNGAN SENTANAN SELATAN,3576021,KRANGGAN,3576021005,SENTANAN
35760210050011,RT 002 RW 002 LINGKUNGAN SENTANAN SELATAN,3576021,KRANGGAN,3576021005,SENTANAN
35760210050012,RT 003 RW 002 LINGKUNGAN SENTANAN SELATAN,3576021,KRANGGAN,3576021005,SENTANAN
35760210050013,RT 001 RW 003 LINGKUNGAN SENTANAN SELATAN,3576021,KRANGGAN,3576021005,SENTANAN
35760210050014,RT 002 RW 003 LINGKUNGAN SENTANAN SELATAN,3576021,KRANGGAN,3576021005,SENTANAN
35760210060001,RT 001 RW 001 LINGKUNGAN SENTANAN TENGAH,3576021,KRANGGAN,3576021006,PURWOTENGAH
35760210060002,RT 002 RW 001 LINGKUNGAN SENTANAN TENGAH,3576021,KRANGGAN,3576021006,PURWOTENGAH
35760210060003,RT 003 RW 001 LINGKUNGAN SENTANAN TENGAH,3576021,KRANGGAN,3576021006,PURWOTENGAH
35760210060004,RT 001 RW 002 LINGKUNGAN SENTANAN TENGAH,3576021,KRANGGAN,3576021006,PURWOTENGAH
35760210060005,RT 002 RW 002 LINGKUNGAN SENTANAN TENGAH,3576021,KRANGGAN,3576021006,PURWOTENGAH
35760210060006,RT 003 RW 002 LINGKUNGAN SENTANAN TENGAH,3576021,KRANGGAN,3576021006,PURWOTENGAH
35760210060007,RT 001 RW 001 LINGKUNGAN PANGERANAN,3576021,KRANGGAN,3576021006,PURWOTENGAH
35760210060008,RT 002 RW 001 LINGKUNGAN PANGERANAN,3576021,KRANGGAN,3576021006,PURWOTENGAH
35760210060009,RT 003 RW 001 LINGKUNGAN PANGERANAN,3576021,KRANGGAN,3576021006,PURWOTENGAH
35760210060010,RT 004 RW 001 LINGKUNGAN PANGERANAN,3576021,KRANGGAN,3576021006,PURWOTENGAH
35760210060011,RT 001 RW 002 LINGKUNGAN PANGERANAN,3576021,KRANGGAN,3576021006,PURWOTENGAH
35760210060012,RT 002 RW 002 LINGKUNGAN PANGERANAN,3576021,KRANGGAN,3576021006,PURWOTENGAH
35760210060013,RT 003 RW 002 LINGKUNGAN PANGERANAN,3576021,KRANGGAN,3576021006,PURWOTENGAH
35760210060014,RT 004 RW 002 LINGKUNGAN PANGERANAN,3576021,KRANGGAN,3576021006,PURWOTENGAH
35760210060015,RT 001 RW 001 LINGKUNGAN GALUAN,3576021,KRANGGAN,3576021006,PURWOTENGAH
35760210060016,RT 002 RW 001 LINGKUNGAN GALUAN,3576021,KRANGGAN,3576021006,PURWOTENGAH
35760210060017,RT 003 RW 001 LINGKUNGAN GALUAN,3576021,KRANGGAN,3576021006,PURWOTENGAH
35760210060018,RT 004 RW 001 LINGKUNGAN GALUAN,3576021,KRANGGAN,3576021006,PURWOTENGAH
